<?xml version="1.0" encoding="utf-8"?>
<extension type="module" version="3.8" client="site" method="upgrade">
	<name>mod_etdorganizations_category</name>
	<author>ETD Solutions</author>
	<creationDate>March 2018</creationDate>
	<copyright>Copyright (C) 2017 - 2018 ETD Solutions. All rights reserved.</copyright>
	<license>GNU General Public License v3</license>
	<authorEmail>support@etd-solutions.com</authorEmail>
	<authorUrl>etd-solutions.com</authorUrl>
	<version>1.2.2</version>
	<description>MOD_ETDORGANIZATIONS_CATEGORY_XML_DESCRIPTION</description>

	<files>
		<folder>tmpl</folder>
		<filename module="mod_etdorganizations_category">mod_etdorganizations_category.php</filename>
		<filename>helper.php</filename>
		<filename>mod_etdorganizations_category.xml</filename>
	</files>

	<languages>
		<language tag="fr-FR">language/fr-FR/fr-FR.mod_etdorganizations_category.ini</language>
		<language tag="fr-FR">language/fr-FR/fr-FR.mod_etdorganizations_category.sys.ini</language>
	</languages>

	<config>
		<fields name="params">
			<fieldset name="basic"
					  addfieldpath="/administrator/components/com_categories/models/fields">

				<field
						name="id"
						type="modal_category"
						label="JGLOBAL_CHOOSE_CATEGORY_LABEL"
						description="JGLOBAL_CHOOSE_CATEGORY_DESC"
						extension="com_etdorganizations"
						required="true"
						select="true"
						edit="true"
						clear="true"
				/>

			</fieldset>

			<fieldset name="advanced">

				<field
					name="layout"
					type="modulelayout"
					label="JFIELD_ALT_LAYOUT_LABEL"
					description="JFIELD_ALT_MODULE_LAYOUT_DESC" />

				<field
					name="moduleclass_sfx"
					type="textarea" rows="3"
					label="COM_MODULES_FIELD_MODULECLASS_SFX_LABEL"
					description="COM_MODULES_FIELD_MODULECLASS_SFX_DESC" />

				<field
					name="cache"
					type="list"
					default="1"
					label="COM_MODULES_FIELD_CACHING_LABEL"
					description="COM_MODULES_FIELD_CACHING_DESC"
				>
					<option value="1">JGLOBAL_USE_GLOBAL</option>
					<option value="0">COM_MODULES_FIELD_VALUE_NOCACHING</option>
				</field>

				<field
					name="cache_time"
					type="text"
					default="900"
					label="COM_MODULES_FIELD_CACHE_TIME_LABEL"
					description="COM_MODULES_FIELD_CACHE_TIME_DESC" />

				<field
					name="cachemode"
					type="hidden"
					default="static"
				>
					<option value="static"></option>
				</field>
			</fieldset>
		</fields>
	</config>
</extension>
